Label;remove_http
Netral;adek gue positif covid-. gejalanya pilek  batuk  demam  dan anosmia. sekeluarga udah tes  hasilnya negatif. skrg lagi isolasi mandiri. anaknya nyaris ga pernah ke mana-mana. kemungkinan terpapar saat dia antre vaksin rumah beberapa hari yang lalu. kencengin hati-hatinya ya
Netral;Adi menambahkan  selain RS Rujukan Covid- dan produsen oksigen  PLN juga mensiagakan personel untuk menjaga keandalan di lokasi isolasi se-Jawa Timur diantaranya YPPII Malang  Rusun UB Dieng  Badan Diklat Malang. 
Netral;Afrika Selatan telah menyetujui vaksin sinovac China untuk melawan COVID-. Afrika Selatan diketahui saat ini tengah menghadapi gelombang infeksi ketiga. https://t.co/ceLsOfPss 
Netral;Akibat paranoid: Ada yg bilang minum  kaleng susu Beruang sembuuh.......ya memang covid   % sembuh sendiri ğŸ˜ğŸ˜ https://t.co/XOqvpJd 
Positif;Alhamdulilah  orang di Jalan Pt Ibrahim telah mendaftar vaksin dalam Program Pendaftaran Vaksin bersama Penubuhan Team Data. Sumbangan RM kepada Pesakit Covid  juga diberikan bersama Penghulu Mukim PontiN dan JPKK Pt Ibrahim. https://t.co/IppJwQplZb 
Netral;am LEMBAH KLANG : Aliran trafik disemua lebuhraya bertol secara keseluruhanya masih lancar  terkawal berikutan aliran trafik rendah. Laksanakan `lockdown' kendiri  patuhi SOP bagi membendung penularan Covid-. Selamat berhujung minggu. LindungDiriLindungSemua 
Negatif;amah gue positif C-ğŸ˜­ sedih bgt pas dapet kabar kalo amah terpapar covid dari susternyağŸ˜­ğŸ˜­ mohon bantu doa nya gais buat kesembuhan amah gue sama susternya semoga cepet negatifğŸ˜­ alhamdulillah nya amah gue tanpa gejala apapun  tpi tetep aja sedih bgt kenapa harus amah gueğŸ˜­ğŸ˜­ 
Netral;Demi keamanan  tidak menutup kemungkinan ibu hamil juga akan diberi vaksin Covid-. Ayahbunda ibuhamil VaksinasiCovid https://t.co/ZfQecQV 
Netral;Ambil maklum makluman berhubung Covid Assessment Centre Kuala Lumpur    Putrajaya bagi mereka yang positif Covid-. Kolomposihat sihatmilikku covidassessmentcentre covid https://t.co/lBTUMB 
Netral;Ambil maklum makluman berhubung Covid Assessment Centre Selangor bagi mereka yang positif Covid-. sihatmilikku covidassessmentcentre covid https://t.co/xdSobfAuz 
Netral;Nah  supaya anak anak lebih mudah tahu cara kerja vaksin  yuk sore ini jam : wib atau jam : wita ngumpul di FB : Geppuk Id  Kak Heru akan bercerita tentang si Imun yang bertemu dengan si Novac utk bekerjasama melawan virus Covid-    https://t.co/QHogKviIHy 
Netral;Ternyata . Anak di Jakarta Positif Covid- di Hari Pertama PPKM Darurat https://t.co/dtBYKXvVn TempoMetro 
Negatif;Di saat ancaman sakit dan kematian krn covid- bgt tinggi  yuk perbnyk bicara    lakukan hal berguna bg orang bnyk. Stop cari masalah    kesalahan orang lain hny spy dirinya seolah baik. Orang baik itu suka bicara kebaikan  orang buruk suka cari keburukan. 
Netral;Andai Wisma Hambalang tidak MANGKRAK  tentu pelayanan Pemerintahan Jokowi akan lebih leluasa dalam menangani pasien Covid-.. https://t.co/FUibKDOU 
Negatif;Janganlah anggap remeh wabah Covid- ini. Kasus Berat terus membanjiri IGD  atau terkapar di rumah karena RS sudah tak bisa menampung lagi. Bukan Obat atau HET Obat  yg dibutuhkan untuk kendalikan Pandemi  tetapi Perilaku Manusia. Butuh Kesadaran bersama jauhi risiko tertular. https://t.co/gLPAaBsl 
Negatif;Anggota Komisi XI DPR dari Fraksi Partai Demokrat Didi Irawadi menilai  Jka pemerintah terus memaksakan pemindahan ibu kota negara (IKN) baru di tengah lonjakkan kasus Covid-. semakin menunjukkan bahwa pemerintah  tdk memiliki sikap empati kepd rakyatnya https://t.co/yeDRmUQB 
Netral;KUANTAN   JULAI  : Kapasiti bagi kesemua empat Pusat Kuarantin dan Rawatan COVID- (PKRC) di negeri ini hanya berbaki  peratus sahaja lagi bagi menampung pesakit baharu.  Berita penuh&gt &gt  https://t.co/nCGCYOiwhc https://t.co/ZikxiVHfr 
 Netral;KUANTAN   JULAI  : Kluster Rantau Kenanga merupakan jangkitan daripada varian baharu yang membimbangkan (VOC) iaitu varian Delta B.. yang pertama kali dikesan di India yang dikenali sebagai Super Strain. Berita penuh&gt &gt  https://t.co/MsQzVCMqFe https://t.co/GDMqdxvrdo
Positif;Antrian ambulance membawa pasien covid  dijogja mlm Ini. Semoga mereka terlayani dan pulih kembali.  Semangat utk kru ambulance yg terus berjuang menghantar pasien   semangat utk nakes RS Se Jogjakarta. https://t.co/cVaMXKWkg 
Positif;Sejak  april hingga sekarang  Banser Tanggap Bencana (Bagana) (Bagana) Kabupaten Pekalongan sudah memakamkan  jenazah covid. Takut? Itu pasti ! Namun  ini ialah panggilan jiwa dan cinta kami bagi negeri ini. https://t.co/gRJtwsZH
Positif;AS Dukung Indonesia Melawan Peningkatan Kasus COVID-   Sindonews BukanBeritaBiasa .https://t.co/tpdCJOat 
Positif;AS akan Kirim  Juta Vaksin Covid- Moderna ke Indonesia. Kedua pejabat tersebut juga membahas rencana AS untuk meningkatkan bantuan bagi upaya respons covid- Indonesia yang lebih luas.  https://t.co/ZyjdRpSC 
Netral;Asrama Haji di Indonesia Sudah Tampung . Pasien Covid- https://t.co/WeLuiF https://t.co/rCPlsBZK 
Positif;Untuk mengatasi lonjakan kasus Covid- tersebut  Gubernur Jawa Timur Khofifah Indar Parawansa langsung gerak cepat 
Netral;  Sepertinya peraturan awal memang ketat tetapi kesini nya agak longgar  tetapi tetap menggunakan prokes Covid-. 
Netral;Australia Akan Perlakukan COVID- Sama Seperti Flu   Australia akan melakukan empat tahap menuju kenormalan hidup  dalam menangani COVID- nantinya memperlakukan virus corona sama seperti perlakuan terhadap virus flu.  https://t.co/mDUeMFZE 
Positif;Awali hari dengan BERITABAIKHARIINI kerjasama dengan ! Setiap pagi  Tim PAGIPAGI akan memberikan berita baik yang Informatif    Inspiratif.  Update berita baik lainnya di portal https://t.co/zLzLYvJnfr - Karena selalu ada berita baik. Radio Lawan Covid . https://t.co/TolKQHgnH 
Negatif;AwasBahayaVirusKadrun Disaat pemerintah sedang berkonsolidasi melawan pandemi Covid-  mahasiswa seharusnya mendukungnya.namun apa yang dilakukan BEM UI malah sebaliknya memberi kritikan tampa data dan tampa solusi. BEM UI kemungkinan telah ditunggangi kelompok kepentingan. https://t.co/fVTomQsvr 
Positif;Ayo olahraga guys  keluarkan keringat tingkatkan imun  lawan covid . https://t.co/hXlzeTkd 
 Positif;Ayo Pakai Masker  Serta Tetap Disiplin Protokol Kesehatan  Cegah Penyebaran Virus Covid .  DivHumasPolri PoldaKaltim PolrestaSamarinda PolsektaSungaiKunjang AyoPakaiMasker PatuhiProtokolKesehatan CegahVirusCovid https://t.co/AXsEHVN
Positif;AyoTaatiM TaatiProtokolKesehatan  Disaat pandemi covid  dan pemberlakuan PPKM Darurat TNI Polri tdk bosan bosan nya menghimbau kpd warga agr tertib taati prokes agr terhindar dari Covid  dan menerapkan  M dlm kehidupan sehari dan Jgb  kita  menjadi korban virus Corona https://t.co/nhfjbJWMu 
Negatif;BAGAMANA COVID- MENURUTMU ?  . Tidak Nyata Penyakitnya. Bohongan Saja dan Jadi Bisnis Vaksin . Nyata Penyakitnya. Sengaja Dibuat dan Jadi Bisnis Vaksin . Silahkan Isi Jika Ada Pendapat Lain  Setelah Koment RT ya 
Negatif;Ada baiknya kita berhenti mengindahkan para konspirator Covid-. Itu hanya membantu mereka menjaga cerita-ceritanya tetap hidup. Ada situasi yang lebih urgen di rumah sakit yang sedang kewalahan. Membahas mereka juga tidak berkontribusi memperbaiki situasi kita. Terima kasih. 
Positif;Bakti ğ—£ğ—¼ğ—¹ğ—¿ğ—¶ Menjaga Keselamatan Masyarakat. ğ˜’ğ˜¦ğ˜´ğ˜¦ğ˜­ğ˜¢ğ˜®ğ˜¢ğ˜µğ˜¢ğ˜¯ ğ˜”ğ˜¢ğ˜´ğ˜ºğ˜¢ğ˜³ğ˜¢ğ˜¬ğ˜¢ğ˜µ ğ˜ğ˜µğ˜¶ ğ˜—ğ˜³ğ˜ªğ˜°ğ˜³ğ˜ªğ˜µğ˜¢ğ˜´.mari bersama berkontribusi mencegah Penularan Covid- dengan tetap mematuhi Protokol Kesehatan serta ikut vaksinasi Covid-  SemangatPresisiPolresGorontalo https://t.co/CEkpbo 
Positif;BANGKITKAN UMAT BANGKITKAN INDONESIA!  Mari terus jaga semangat zakat dan energi kedermawanan kita  agar Indonesia tetap kuat di tengah krisis pandemik covid- Prof. Hilman Latief  M.A  Ph.D   MiladLazismu Lazismu Muhammadiyah MemberiUntukNegeri ZakatBangkitkanIndonesia https://t.co/fVvNTjOiS 
Netral;Bila ada banjir bandang kasus Covid- dari atas mengalir ke bawah  bagaimanapun meski ada bak penampungan (rumah sakit) juga 
Netral;BANTUAN KECEMASAN NGO BELIA GOMBAK  Ini adalah talian Bantuan Kecemasan COVID- Gabungan NGO Belia Gombak. Sila hubungi nombor yang tertera jika anda memerlukan bantuan keperluan asas/makanan ketika PKP ini.  Hotline : -  (Whatsapp sahaja) https://t.co/DHVrLsdSN https://t.co/HDdrfIPSyW 
Positif;Bantu Tangani Covid-  DPRD Kutim Minta Cleaning Service Diperhatikan detakkaltim https://t.co/fEIWitdImO 
Positif;Barusan ada orang bercerita tentang hal lucu.dia divonis covid- padahal sudah di fucksin lebih dari x.setelah di memberikan ket ke dr telah fauckin tiba tiba si dr tersebut menarik statement nya dan menyarankan istirahat dan minum air putih yg banyak.artinya ini ada dagangan 
Netral;Belasan Rumah Sakit di Surabaya Tutup Sementara Layanan IGD dan Tidak Menerima Pasien Covid- (odp-is) https://t.co/sauUkNaYRU 
Negatif;Sebejat-bejatnya manusia adalah dia yang memanfaatkan keadaan darurat akibat pandemi covid- sambil menjual agama untuk membuat negara ini chaos. https://t.co/UTSCEYPG 
Negatif;Turut berbelasungkawa. Arief Harsono ini adalah pemilik Samator  produsen oksigen medis terbesar di Indonesia. Almarhum pun meninggal karena Covid-. https://t.co/oScwUnWb 
Positif;Belia Masjid Perlis dengan kerjasama Masjid Negeri  Arau telah melancarkan Projek Food Bank. Inisiatif ini adalah bagi meringankan beban golongan yang terkesan oleh pandemik Covid-.  https://t.co/TnXhPsawrw
Positif;Bersholawat Nariyah dan berdo'a bersama untuk keselamatan bangsa agar segera terbebas dari wabah pandemi Covid-  begitu juga Blora... Bismillah Allahumma Aamiin ğŸ¤²ğŸ¤² AriefRohman      https://t.co/BJFDdSInR 
Negatif;Berwudhu tidak menghancurkan virus Corona  karena Covid- bukanlah kotoran biasa seperti debu.  Wudhu sudah ditetapkan dalam ilmu Islam untuk menyucikan diri sbg syarat sah sholat.  Jangan mabok agama macam Walkot Depok deh.  Belajarlah agama pada orang berilmu ğŸ™ https://t.co/fXbTyTry https://t.co/mWaLJwhoGS 
Netral;BFL_ AI BFL_URGENT Bandung JawaBarat | Dibutuhkan donor PlasmaKonvalesen dari penyintas Covid- | GolDar A+ | Hubungi CP  |  cc        TV  https://t.co/rRWYMUoj 
Netral;Mau bikin utas ttg pentingnya vaksin covid- dilakukan.. ini berdasarkan pengalaman kedua org teman dekat ttg kondisi orgtua mreka msg.. smoga membuka pikiran org lain bahwa vaksin itu perlu dan wajib.. 
Negatif;Saya kok jadi bingung banyak bertebaran di teel video pernyataan Ichsanuddin Noorsy soal Covid- yang pakai dalil dan ngutif ayat Al-Quran.   Setahu saya dia itu ekonom  kok sekarang musim corona jadi mendadak ngustadz.  Tanya Kiyai ğŸ™    
Netral;Blue Bird buka layanan antar pasien covid  begini caranya https://t.co/QjDIEFweu 
Negatif;   Belom sampe kayak jakarta aja mereka  kalo di boom covid  baru tau rasa  kemana mau cari oksigen disana. 
Netral;Bos Samator Grup Arief Harsono meninggal dunia terpapar COVID-. SamatorGrup AriefHarsono  https://t.co/abTMAirYa 
Netral;Bos tabung oksigen aja meninggal  apalagi yang bukan. https://t.co/TLkdvDMO 
Negatif;BPK wajib melakukan audit supaya tahu berapa banyak yang masuk ke rekening koruptor https://t.co/jRbXCQcf 
Netral;BPOM Bergeming  Ini Sebab Ivermectin Belum Diizinkan Digunakan Luas  Kenapa BPOM dan FDA di Amerika Serikat dan EMA di Uni Eropa bersikukuh 'melawan arus' yang menghendaki pengobatan Covid- dengan ivermectin?  https://t.co/OLLaWfhv 
Negatif;Buntut Larang Salat Ied dan Takbiran  Menag Disebut Lebih Takut Covid- Dibanding Allah https://t.co/qATnEFGaH 
Negatif;Buntut Larang Sholat Ied dan Takbiran  Menag Disebut Lebih Takut Covid- Dibanding Allah SWT. https://t.co/PQKqdxbUD 
Netral;Dibutuhkan Donor ASI: Bayi laki-laki prematur  Lahir -- Butuh donor ASI krn ibu dirawat dg ventilator krn COVID- di ICU RSUD Dr. Soetomo sby Agama: Islam Posisi bayi di NICU RSUD Dr. Soetomo No. Hp + (Pak Yuda-Ayah bayi) Cc    
Netral;*CEGAH LONJAKAN COVID- TIM KESEHATAN SATGAS YONIF /RAJA PANDHITA  DAMPINGI VAKSINASI PERSIT DAN PERSONEL KORUM.* https://t.co/iXHKyHn 
Negatif;    Mencegah Penyebaran Covid itu dengan Protokol Masker  Jaga Jarak  Cuci Tangan. Bukan menutup Masjid  masjid   https://t.co/AuZFgznwho https://t.co/QjvtqdxHdu 
Positif;kita cegah penyebaran covid- dengan penerapan prokes dan do'a bersama  semoga pandemi segera berakhir  DoaDariDesaUmtukIndonesia  tppimagetan https://t.co/qepUnZh
Netral;Dari cerita nyata ini  hal yg bisa kita ambil : VAKSIN tidak membuat org tsb mjd kebal terhadap penyakit Covid-.. Jikalau memang pd akhirnya positif Covid-  keluhan yg dialami akan bersifat ringan  pemulihan berangsur lebih baik (dgn catatan : dlm kondisi perawatan di RS) 
Netral; Besar kemungkinan COVID- akan terus ada dan menjadi endemik  serta memerlukan vaksinasi berkala.   ICYMI AWANInews AWANIpagi MyVaksinCovid jomcucukvaksin  https://t.co/PGtgRrgi 
Negatif;Covid- Mengganas  Anggota DPRD Kutim Ingatkan Prokes Jangan Kendur detakkaltim https://t.co/yOocasy 
Netral;menyampaikan bahwa kasus Covid- di Jatim ini sudah mencapai third wave loh! 
Negatif; COVID- Jg sdg NGAMUKâ€¼ Apa anda ga peduli dg Lonjakan Covid-â“ Yg meninggal Banyak sampe penggali kubur kewalahan  RS Overloads sampe nakes kelelahan. Demi Kemanusiaan  Empati barang sedikit  Klo ga bs bantu apa jangan buat gaduh â€¼ 
Negatif;COVID-: Kes kematian sebelum tiba di hospital meningkat  kali ganda  https://t.co/mYygFoo 
Netral;Kasus Covid- Terus Melonjak  Sri Mulyani Naikkan Anggaran Kesehatan jadi Rp   Triliun https://t.co/VZtAiaKyb 
Negatif;    Covid - mengungkapkan pentingnya Maxisme-Leninisme: Kemanusiaan harus berbagi Sumber Daya  termasuk vaksin untuk mencapai kekebalan global ( persen) agar virus bermutasi  lebih sedikit berubah! Sayangnya  Negara Kaya  dengan lebih banyak vaksin daripada Negara Miskin 
Negatif;Covid-    Orang Terkaya Indonesia  Anda semua orang terkaya telah memperoleh keuntungan ratusan sd ribuan milyar rupiah dari negeri ini.  Mohon Anda tunjukkan kepedulian ke negara    rakyat: masing- Anda membeli  juta vaksin Pfizer/Moderna u/disuntikkan ke rakyat scr gratis. ğŸ™ https://t.co/mhaDlpdIO 
Netral;covid_  panama en Panama City  Panama https://t.co/Efvrbc 
Netral;Covid  akan mereda  nanti setelah ada acara pemilu. 
Netral;Kasus Baru Covid- Nyaris  Ribu  Ini Sebarannya di  Provinsi https://t.co/hHstAouO https://t.co/HLUfQVTm 
Netral;Kasus Covid- Meroket  Rangkaian Pernikahan Rizky Billar dan Lesti Resmi Diundur!Â  https://t.co/jhoKvVU Via  https://t.co/xIJtyn 
Positif;Covid- di SEMPRIT sama mereka yg disiplin dengan dirinya sendiri dan menghormati masyarakat di sekitar  top. Sehat selalu sedoyoğŸ‰ https://t.co/mIrPXaCH 
Negatif;Mungkinkah Covid- Digunakan Sebagai Senjata Dalam Konflik Geopolitik? https://t.co/RWjNjufwa liputanmedia bukamatanews 
Netral; Daaaa  baada ya COVID- ya India inafuata ya wapi? 
Netral;Daftar  Lokasi Isolasi Pasien Covid- di Jakarta: GOR  Rusun  hingga Sekolah - Metro Tempo https://t.co/FMVHepos 
Netral;ğ—–ğ—”ğ—¥ğ—” ğ—¡ğ—”ğ— ğ—–ğ—˜ğ—£ğ—”ğ—§ğ—ğ—”ğ—¡ ğ——ğ—”ğ—£ğ—”ğ—§ ğ—§ğ—”ğ—¥ğ—œğ—ğ—› ğ—©ğ—”ğ—ğ—¦ğ—œğ—¡  Yang dah lama daftar vaksin tapi masih tak dapat lagi tarikh  buka app MySejahtera dan cuba cara ini:  ) Klik pada â€˜Covid- Vaccinationâ€™ ) Pilih â€˜Vaccine Informationâ€™ https://t.co/MQPlqMuMG 
Netral;Berdasarkan rekomendasi WHO  tes untuk Covid- yang direkomendasikan adalah: . PCR . Tes Antigen  Tidak ada rekomendasi untuk penggunaan G*nos* atau alat berbasis deteksi VOC lainnya.  Yuk gunakan tes yang memang direkomendasikan WHO saja!! https://t.co/PohnvaiGe 
Netral;Data Positivity Rate Covid- sampai  Juli  https://t.co/raQDKmT https://t.co/XyQsXtXzRB 
Negatif;Diam di Rumah sekarang atau anda akhirnya harus sakit   isoman di rumah Dan kedulitan akses ke pengobatan !! Saat ini bukan waktunya sakit .. prokes wajib.  RS Rujukan Covid- Kolaps  Pasien-pasien Ini Meninggal Dunia di Rumah - https://t.co/VMkipffO https://t.co/mzpILuB 
Positif;Dianissa Rachman Puteri Indonesia Kaltim  Ajak Warga Samarinda Ikuti Vaksinasi Covid- - Tribun Kaltim https://t.co/fWLjPBJU 
Negatif; Begitu juga didaerahku tiada hari tanpa bunyi serine mobil ambulan... Kita blm berdaya melawan covid  krn sebagian warga + blm mematuhi prokes pemerintah. 
Negatif; Juga pendiri Samator Indonesia  yg ikut berjasa di kala pandemi Covid- ini. Turut berduka cita. ğŸ˜¢ğŸŒ¹â¤ https://t.co/xXRpaeEaF 
Netral;Disiplinkan dari diri kita untuk patuh mentaati protokol kesehatan dalam upaya pencegahan Covid- AyoPakaiMasker IngatM PatuhiProkes https://t.co/XtAWtAWiL 
Netral;Tetap Disiplin Protokol Kesehatan  Cegah Penyebaran Virus Covid .  DivHumasPolri PoldaKaltim PolrestaSamarinda PolsektaSungaiKunjang AyoPakaiMasker PatuhiProtokolKesehatan CegahVirusCovid https://t.co/uittafeNa 
Netral;Ada beberapa yang DM soal permenkes pemanfaatan obat tradisional. Ini lengkapnya :...... Sekali lagi ini bukan obat covid  loh ya. Semoga semuanya sehat. Tetap bermasker. Jaga kesehatan. Covid  itu nyata dan kita melawan dengan memanfaatkan yang ada untuk kesehatan kita. https://t.co/HGvkrWD 
Positif;Doa Dari Desa UntukIndonesia Kiranya Bangsa Indonesia Dipulihkan dari Pandemi Covid .             https://t.co/dWaDdYnOjw 
Positif;Doa bersama   semoga selalu sehat dan terhindar dari wabah Covid . DoaDariDesaUntukIndonesia             https://t.co/EgQytlZF 
Netral; Dokter Relawan Covid- Ungkap Penyebab Obat IVIG Berharga Mahal Dokter relawan   https://t.co/RlvYfejLbm 
Positif;bagi para DOKTER  TENAGA MEDIS yang sedang berjuang menghadapi covid-..  dan juga bagi kita semua yang sehat  sakit  atau sedang isoman..  bacalah yang diajarkan Nabi shollallahu 'alayhi wa sallam berikut ini  berulang-ulang hingga hati tenteram in-syaa Allah..  PPKMDarurat https://t.co/SYIXGPLO 
Negatif; . Double Standard.  . Banyak idea bodoh.  . Tak serius menangani kes COVID- dan terus bebankan frontliner. . SOP cacamarba.  . Tak sensitif  pekak  buta dan lambat peka ttg kesusahan rakyat . Terlampau bermain politik dan gila kuasa. . Memperbodohkan rakyat. 
Netral;Penduduk Taman Nagasari  Bukit Mertajam yang larikan diri digesa pulang jalani ujian saringan COVID- - MBSP  https://t.co/hdUXBSDzEh  MenangBersama LindungDiriLindungSemua https://t.co/juRVbbRc 
Negatif;Turut berduka cita.  Pabrik oksigennya pun tidak bisa menolong dia.  https://t.co/kFHrKW 
Positif;Kita dukung terus langkah pemerintah untuk memutuskan rantai penyebaran Covid- ya Sobat. Mari bersama kita patuhi kebijakan PPKM Darurat secara bijaksana. Indonesia Lawan Covid!  PPKMDaruratLindungiKita https://t.co/PMQiZSISi 
Negatif;INI KATA DUNIAâ–ªï¸mau ikutan doang lockdown model India tapi kebijakannya gak diikuti. Akibatnya  jika India sukses turunkan  kali lipat orang terinfeksi covid- di sini tetap gak jelas. Yg jelas berita kematian terus meluncur dari rumah ke rumah  dari teman ke teman.  NGERI. https://t.co/uLQMlVL 
Negatif;Eggi Sudjana dkk minta Jokowi Tobat dgn beberapa syarat  ES ngebacot nggak taâ€™u maklum sudah sakitan. Presiden RI Bpk Joko Widodo dan Jajarannya di Pusat Daerah Tk I    TK II Kecamatan Kelurahan RW RT Desa bersama Rakyat Fokus kerja keras menghadapi Pandemi COVID- MERDEKAğŸ‘ğŸ™ğŸ‡®ğŸ‡© 
Negatif;Jangan egois.. jangan sok jago...krisis kesehatan ini akan berubah menjadi krisis kemanusiaan kawaaan  jika tidak segera kita akhiri. Terpapar COVID- itu bukan aib dan belum tentu sakit. Tp  bisa menyebar. Maka SEMENTARA TAHAN DIRI 
Negatif;    Ekspansi virus Delta di India  Malaysia  sekarang di Indonesia  bahkan di Rusia  Inggris AS: krisis covid- tetap ada meskipun vaksin Kami akan menang Dengan kekebalan keseluruhan  persen  virus berubah lebih sedikit  tetapi ketidaksetaraan vaksin antara Kaya dan Negara miskin 
Negatif;Kita pernah enjoyed rentas negeri selama  hari tanpa sedikit pun beri kesan pada kes Covid-.  Semuanya lebur kerana mainan politik sang politikus haprak. Bukan setakat kes naik  rakyat mati dan muflis. Semoga kalian semua dibalas dengan seteruk-teruk azab dunia akhirat. 
Negatif;Eropa menghadapi gelombang baru infeksi Covid- dan WHO memperingatkan penggemar Euro  bisa menjadi penyebar super varian baru  Delta plus . https://t.co/pKfjeTwct  BeritaSonora via  
Netral;Fase awal  . Lockdown  hari (Luar dan dalam negeri) . Treat (maksimalkan kapasitas penunjang  SDM  sampe fasilitasnya untuk menangani pasien covid-    penyakit lain di RS    PKM) . Vaksinasi dtng ke rumah  batalkan semua jenis vaksin massal/kerumunan &gt   orang 
Netral;Fase pelonggaran  . Open lockdown . Masuk PSBB ketat . Sosialisasi protokol kesehatan . Tracing pasien (saran ubah alur diagnosis (+) covid-. Pasien dengan gajala covid- dengan swab antigen (+) sudah masuk diagnosis. Tracing cluster  keluarga dan kantor) https://t.co/SLQHaltWx 
Netral;Fatayat kota Tangerang mendukung surat edara. Walikota untuk mencegahan covid- https://t.co/nMXnxQEfXZ  Follow us : Instagram :  Twitter :  Fanspage :  Website : https://t.co/GLEyPyzxHd 
Positif; Kenapa tidak fungsikan JEC sbg rumah sakit darurat Covid- ? Jelas lbh cepat efektif effisien utk sgr operasionalkan  Colek 
Negatif;fyp gue skrng bnyk orang mninggal gegara kasus covid- semoga mereka yg dipanggil ama tuhan husnul khotimahğŸ˜‡ğŸ¤²  Jan lupa patuhi protkes! 
Netral;Gantian mengingatkan boleh ya .....   Untuk mengatasi pandemi Covid- : PEMERINTAH JUGA HARUS LEBIH SERIUS UNTUK  T : . Testing . Tracing . Treatment 
Netral;Gedung Eks Perakitan Mobil Esemka Dijadikan Tempat Karantina COVID-  https://t.co/tapWgUoDSB 
Negatif;Meski boleh  apakah menggelar atau menghadiri acara pernikahan sungguh diperlukan? Hari ini  kasus Covid- mencapai .  yang merupakan rekor. Jangan Anda mengeluhkan situasi pandemi terus tapi masih bisa mengadakan pesta. Itu benar-benar anomali.  https://t.co/mZrltYQm 
Negatif;Gonta-ganti Nama Kebijakan Pandemi  Mengikuti kebijakan penanganan pandemi Covid- di Indonesia ibarat membaca teks vulgar di bak belakang truk:  lupa namanya  ingat rasanya . Editorial korantempodigital KoranTempo https://t.co/MLhJdCx 
Positif;Gubernur Ganjar Pranowo memuji warung hanya melayani pesanan take away atau dibungkus dan dibawa pulang selama pandemi covid-. GanjarPranowo https://t.co/sGNZzQFUbG 
Netral;Gubernur  Perintahkan Honor Nakes Covid- RSUD Banten  Segera Cairkan https://t.co/xpKAWnva 
Negatif;Gue curiga konspirasi terkait Covid- seperti  dicovidkan    ambulance untuk menakut-nakuti  dan  Covid gak bahaya  itu cuma defense mechanism dari orang-orang yang ketakutan. 
Negatif;Gue nunggu si Ali ketularan virus COVID- aje. Buang-buang energi ngasih tau orang bebal.  Bukan cuma gue  tapi kawan di temlen udeh banyak yg kena  bahkan ada yg meninggal dunia.  Gue kagak nyumpahin  tapi die keknya pengen ngerasain sendiri sakitnye kena COVID- kek apaan. 
Negatif;Guys... angka kematian akibat Covid- di Indonesia naik sampai % :( and we never thought we would write this  but... chances are  ada orang di sekelilingmu yang kehilangan orang-orang tersayangnya karena pandemi :( https://t.co/EcYEYfrPF 
Netral;Menghadapi lonjakan kasus COVID- di RI  masker menjadi kunci. Double masking atau memakai masker rangkap lebih dianjurkan. Caranya bagaimana agar efektif? https://t.co/ewaPKOGsMs 
Positif;Hallo Kawan JM  Patuhi protokol kesehatan untuk memutus penyebaran Covid-  buat Kawan JM yang beraktivitas dimanapun dan kapanpun jangan lupa untuk M ya!  Yuk bersama-sama kita cegah penyebaran Covid-! https://t.co/uCsihFZ 
Netral;Hallo KawanPajak. Dalam rangka pencegahan penyebaran Covid- pelayanan perpajakan tatap muka KPP Pratama Jakarta Kebon Jeruk Satu akan dialihkan menjadi pelayanan online mulai tanggal  Juli s.d.   Juli  https://t.co/zavEhXXtC 
Positif;Halo Sahabat Lingkungan    Untuk menekan jumlah kasus Covid-  mari kita lakukan penanganan limbah medis dari sumber.   Untuk keterangan lebih jelas bisa lihat infografis di atas yah!   Yuk kita bersama-sama bijak dalam mengelola sampah limbah medis dari rumah.   https://t.co/VhcshtQryE 
Netral;Halo temen-temen. Sebenernya  aku bukan tipe yang suka bawa irl ke twt. Tapi  I need this  urgentlyğŸ¥ºğŸ™ my aunt has tested positive covid  and has been under intensive care. kami butuh donor plasma darah yang sesuai dengan kriteria di bawah. Boleh tolong bantu share. https://t.co/CzKxepDe 
Negatif;Tampaknya para HamaDemokrasi terganggu dg dorongan BongkarKorupsiBansos Covid-    advokasi membela hak PegawaiKPK korban TWK.  Narasi mereka skrg: jangan ganggu pemerintah yg sdg tanggulangi pandemi.  Pdhal salah faktor pengganggu adalah Korupsi dlm Penanganan Covid-. 
Negatif;Saya berharap pemimpin  dpt menjelaskan isu yg timbul ini. Mengapa perlu dikenakan sewa jika ingin membantu menangani covid-? Jika ianya satu fitnah saya berharap pemimpin PAS dpt menafikan bersama fakta atau bukti!      https://t.co/SPjNpIBGJ 
Netral;Hebahan Info On Wheels (IOW) Perintah Kawalan Pergerakan Diperketatkan (PKPD) Dan Ujian Saringan Komuniti COVID- Taman Murni  Sungai Pelek  Daerah Sepang.  https://t.co/QflqILCx  IOW  PKPD COVID  PatuhiSOP  KitaMestiMenang MenangBersama KomunikasiKita JaPenSelangor https://t.co/TuVSjoN 
Netral;Hingar bingar Olympic belum terasa di Indonesia since an alarming spike in Covid- cases occurred. Fokus dan pemberitaan sedang ke bencana ini. Tetap kupenasaran dgn olympic kit kita ~  Stay safe  stay healthy  stay home  and stay sane everybody ~ 
Negatif;HMI:  Keterpurukan negara ini ini tak hanya terjadi di masa pandemi Covid- saat ini  tetapi telah terjadi bahkan sejak awal Jokowi menjabat.   https://t.co/JAVgYMEtf 
Netral;Ijin kang    Rahmat Hidayat  sahabat sy sejak di SMA  Bdg. Dia lanjut Farmasi ITB â€˜. Saat ini butuh dukungan penanganan. Dirawat di RS Cibabat  Cimahi. Masih risiko tinggi. Efek hipoksia dan Covid-. Mudahan IA ITB juga bisa bantu. Nuhun Cc:  
Netral;Imbauan Kapolres Depok terkait PPKM Darurat mengingat situasi Covid- yang meningkat ada aturan dari pemerintah untuk tetap dirumah. (Red) ElshintaWeekend https://t.co/eTtxRUjBr 
Netral;Saat ini Indonesia masih membutuhkan sejumlah rumah sakit darurat yg bisa disiapkan dlm waktu dekat. Terlebih  berbagai fasilitas kesehatan belakangan ini sdh penuh dlm menangani pasien virus corona. Salut untk Menag Gus Yaqut atas kepedulian ny ğŸ™  https://t.co/AnzFpBcMCD
Negatif;Keadaan Indonesia sgt berat hadapi pandemi covid- yg melanda dunia. Terlebih bnyk yg tdk patuh  tdk disiplin    mudah protes. Namun dg mengimani ayat ini  sy percaya Bangsa Indonesia bersama Presiden Jokowi insha Allah sanggup melewati cobaan berat keluar dr krisis. https://t.co/rRFSfohrv 
Netral;Indonesia tengah menunggu 'hibahan' vaksin COVID- dari sejumlah negara. Di antaranya  vaksin Moderna dari Amerika Serikat sebanyak  juta dosis. Kapan tiba? vaksinmoderna  https://t.co/hWTxLIvE 
Netral;Instalasi Gawat Darurat RS Jasa Kartini Tasikmalaya   Juli .  Covid- itu nyata  Lur. . https://t.co/yEDLFofF 
Netral;IOW PELAN PEMULIHAN NEGARA FASA   VAKSIN COVID-/PEMBUDAYAAN NORMA BAHARU PEJABAT PENERANGAN DAERAH DUNGUN  Parlimen : P. Dungun DUN : N. Rantau Abang Tarikh :  Julai  (Sabtu) Masa : . ptg - . ptg https://t.co/SknWDTUmZ 
Netral;IOW PELAN PEMULIHAN NEGARA FASA /VAKSIN COVID-/ TASK FORCE PEJABAT PENERANGAN DAERAH SETIU  Parlimen : P. Setiu DUN : N. Langkap Tarikh :  Julai  (Sabtu)  Masa : . ptg â€“ . ptg  MenangBersama LindungDiriLindungSemua JabatanPenerangan japentrg https://t.co/WfAkQcIXj 
Netral;Sebagai Tempat Isolasi Mandiri COVID-  Pemerintah Targetkan Rusun Pasar Rumput Beroperasi Satu Minggu Ke Depan - https://t.co/pKibsfvf https://t.co/EUChKPN 
Positif;Ivermectin digunakan sebagai obat untuk terapi Covid-. Obat ivermectin yg diproduksi PT Indofarma tlah mendapatkan izin edar dari BPOM.  MoeldokoÂ membantu mendistribusikan ribuan obat Ivermectin untuk Kota Singkawang. MoeldokoMilikiHakHukum https://t.co/TNdusLqZf 
Netral;Berikut adalah jadwal bagian pelayanan Kalurahan Wukirsari di masa PPKM Mikro Darurat Covid- yang berlangsung dari  Juli -  Juli .  Senin - Kamis : . - . Jumat : . - .  lawancovid wukisarisejahtera wukirsarimendunia https://t.co/mtEuzKZPx 
Netral;Menjaga kesehatan dengan olahraga  jalan kaki  murah meriah. Tetap bermasker dengan prokes. Covid  itu nyata dan tidak pandang siapapun. 
Positif;Jakarta Memanggil!. Dari  : Pemerintah Provinsi DKI Jakarta membuka peluang untuk menjadi Tenaga Profesional Kesehatan Pengendalian COVID- di Lingkungan Dinas Kesehatan Provinsi DKI Jakarta.Yuk segera daftar dan menjadi bagian dalam Pengendalian Covid- di Jakarta! https://t.co/hcdFZYTWdI 
Negatif;Katanya ini jalan Margonda..  Kok ngeyelnya kayak yang mudik kemarin ya?!  Tahukan efeknya jadi meledak kasus Covid ?!  Menunggu ketegasan  ganti sementara kepala daerah yang tidak becus!! https://t.co/FOZffGMZ 
Negatif;Jam . terbangun dan merenung kehilangan banyak teman-teman baik karena covid  ini. Jam . ternyata kehilangan kembali sahabat yang baik Jane Salimar  selamat jalan dan semoga berada ditempat terbaik di sisi Allah SWT. 
Netral;Jam malam diberlakukan di Kabupaten Sidoarjo. Satgas COVID- Sidoarjo melakukan penyekatan di beberapa titik menuju kota. https://t.co/WYehODfN 
Netral;Menjamin keandalan pasokan listrik  PLN Grup Jawa Timur siagakan  personel untuk suplai Rumah Sakit Rujukan Covid- dan Produsen Oksigen di Jawa Timur.  personel berasal dari PLN UID Jawa Timur  PLN UIT JBM  PLN UPB Jawa Timur  dan PT PJB. https://t.co/jPdBXjVeZ 
Positif; JanganOGEB  Justru seperti ini penyebaran virus Covid- semakin cepat..  Tenang... Jangan gegabah kalaupun susu beruang abis  kita bisa kok cari yang lain Ditempatku susu beruang sama c dah mulai langka  harga vitamin c sudah mulai naik. Stay safe semua  jaga kesehatan 
Negatif;Aku Sendirian : Jerit Tangis Masyarakat Indonesia Meminta Pertolongan Medis  Saat Tindakan Darurat COVID- Dimulai https://t.co/MqbRFCka 
Negatif;Kalau JIExpo msh saja blm cukup untuk menampung pasien C sebaiknya Gedung DPR-MPR dipakai krn slm ini kurang berfungsi bagi Masyarakat --- https://t.co/LzdOwXOHSi 
Negatif;JOKOWI sering buat KERUMUNAN dimana mana DI NTT bahkan  kali   Tpi dia masih segar bugar tidak ada berita tidak pernah dengar DIA terkena covid    SAKTI juga ya DIA ğŸ˜‚ Harusnya JOKOWI kasih RESEP gimana caranya bisa BERKERUMUN tanpa terkena UU PROKES dan terkena COVID   ğŸ˜‚ğŸ¤£ 
Negatif;Jokowi pontang - panting urus Covid   Ma'ruf Amin kemana???  Lah.....Saya sendiri sampai lupa kalau punya wapresğŸ¤¦ğŸ¤¦  https://t.co/ZHxwERlIn 
Netral;Jom ketahui berkenaan PEMULIH di Buletin Kita Ok! Bil. /Julai :  https://t.co/SCydeKJ  Tajuk menarik kali ini: . PEMULIH  . Bagaimana nak â€˜surviveâ€™ perniagaan musim COVID- . Ramalan prestasi perniagaan dan macam-macam lagi! https://t.co/aVBFwhj  
Netral;Pada  Julai : Jumlah kes COVID- yang dilaporkan adalah   kes  Pecahan setiap negeri: Selangor :   kes WPKL :  kes Johor :  kes Sabah :  kes Sarawak :  kes Negeri Sembilan :  kes Pulau Pinang :  kes https://t.co/lOWYRxxmQI 
Netral;Lebih . juta dos vaksin COVID- diberikan setakat semalam https://t.co/zEZsTxKyL https://t.co/nePDIupA 
Negatif;Kabar duka kembali datang di tengah lonjakan kasusÂ Covid-.Â Ketua Bidang Maritim DPP Partai Nasdem Emmy Hafild meninggal dunia  pada Sabtu (//) malam. EmmyHafid https://t.co/cYPBpA
Negatif;Kabar menyedihkan hari ini  kawan gue Oki Irawan  Dosen sekaligus Kaprodi FEB Uhamka (paling kanan di samping gue) hari ini wafat karena Covid-. Mohon doanya untuk beliau ya. Ini orang baik banget soalnya. Foto beberapa tahun lalu dgn Bang Wildan UMJ  Bang Sandris dan Bang Oki. https://t.co/YhtrOgtn 
Positif;Kabar Baik!!  Penelitian terbaru menyatakan bahwa: - Air purifier portable HEPA filter menurunkan risiko paparan aerosol simulasi Covid- indoor hingga % -Kombinasi masker + HEPA filter menurunkan risiko hingga %  Air purifier HEPA filter + masker di ruang tertutup works! https://t.co/dUDXpSaAt 
Negatif;Kabur dari RSUD Wonosari Gunung Kidul  Pasien Covid- Ditemukan Meninggal di Selokan: Kasat reskrim Polres Gunungkidul  AKP Ryan Permana membenarkan telah ditemukan jenazah di selokan depan Ruang IGD RSUD Wonosari sedalam empat meter. Polisi yang datangâ€¦ https://t.co/sxBGifOJBB 
Netral;Kadar kebolehjangkitan Covid- atau Ro/Rt pada jangkaan mengikut kes seharian pada  hb Julai  untuk seluruh negara adalah .. Manakala pecahan mengikut negeri adalah seperti di lampiran. https://t.co/WaclsVEFp 
Netral;KAI Sediakan Vaksinasi Covid- Gratis di Stasiun https://t.co/DvYTZkFiEz  KAI menyediakan layanan vaksinasi Covid- di stasiun bagi pelanggan KA Jarak Jauh secara gratis mulai  Juli  di berbagai stasiun. https://t.co/diXOXjR 
Negatif;Baru kali ini terjadi kematian di luar fasilitas kesehatan atau saat isolasi mandiri ğŸ˜°ğŸ¥€  Ini rilis kami  tercatat sedikitnya  orang meninggal dunia saat isolasi mandiri. Sedemikian lemahnya jaminan keselamatan rakyat Indonesia.  https://t.co/SREkQUZDRo 
Netral;Kapolresta Mojokerto AKBP Rofiq Ripto Himawan memantau langsung pelaksanaan vaksinasi Covid-.   https://t.co/vNMimvRRT     berita news terkini Jatim PPKMDarurat VaksinasiCovid 
Negatif;Kaum Bedebah mulai menebar Fitnahâ€¼ï¸ Gitu Picik  Kerdilnya otak anda.â“â“ Kaum Intelektuak model Apa anda ini  Hilang sdh akal sehatmuğŸ·ğŸ·ğŸ·  Heboh Video Ichsanuddin Noorsy Sebut Yahudi Dikte Islam dengan Covid-  Ferdinand Harap Tidak Kena https://t.co/clyASeqpUt 
Netral;Kawan Kabinet  dengan lonjakan kasus COVID- yang meningkat  jika kita terkonfirmasi positif COVID- dan tidak bergejala atau bergejala ringan  kita bisa isolasi mandiri atau karantina di rumah.  Simak ketentuannya  yuk!  GrafiKabinet https://t.co/uWPZPgIr 
Negatif;Kayaknya yang dikritisi itu soal ketimpangan. Yang miskin semakin rentan di masa pandemi. Kuli konstruksi yang  persen tetep kerja selama PPKM itu contohnya  kalau terpapar Covid- cuma bisa mengakses fasilitas pemerintah yang sekarang penuh. Gak punya opsi bayar hotel mahal. https://t.co/XcPfEvIh 
Netral;Kegaiatan Bhabinkamtibmas Melaksanakan  Problem Solving  Sosialisasi Adaptasi Kebiasaan Baru (AKB) guna memutus penyebaran Virus Corona Covid -  sesuai dengan Protokol Kesehatan https://t.co/zlNXBgddy 
Positif;ğŸ˜­ğŸ˜­ğŸ˜­ğŸ˜­ jadi keingetan tahun lalu pas abi lagi lawan covid- beserta penyakit bawaannya  alhamdulillah gasampe dikasih perawatan intensive  tiap hari-- https://t.co/WTeZfryBG 
Negatif;Kelompok pemerhati perkembangan COVID- di Indonesia  LaporCovid-  menyebut faskes di Indonesia kolaps menghadapi pandemi. Kemenkes membantah hal tersebut. https://t.co/skhQVfKyL 
Negatif;Hari ke  Saya sekeluarga terpapar covid . Harus waspada dengan virus wuhan ini  apalagi mutasi delta india. Penularan sangat cepat dan jika tidak tertangani dengan baik mengancam jiwa kita. RS penuh  harga obat melambung tinggi  tabung oksigen langka  dan rakyat menjerit. 
Negatif;Rasanya kena batalkan dulu hasrat keluar PN... Awal lagi... Bertahan dulu untuk sekejap lagi sampai Covid- ni dapat dikawal.... Kalau keluar sekarang.. Parti akan pecah belah.. Dan kalau terpaksa buat PRU pun rakyat akan salahkan UMNO 
Negatif;Tiap hari  ada saja kenalan minta bantuan utk dpt ruangan isolasi RS  ICU  oksigen dan ambulan. Tiap hari  dpt kabar kenalan meninggal krn Covid-. Mau yg pro pemerintah  oposisi  TNI  Polri  ASN  swasta  dll mulai cari selamat sendiri. Semoga Tuhan melindungi rakyat negeri ini 
Positif;Meski tidak saling kenal/follow  tapi  saja retweet dari teman teman tiap kali melihat postingan orang lain yg membutukan informasi bantuan supply Covid  atau tweet jualan barang/jasa  itu akan sangat berarti buat mereka  atau bahkan kita yg akan membutuhkan bantuan itu nanti.
Negatif;Tak Terkendali  Hari Pertama PPKM Darurat COVID- DIY Meledak Tambah . Kasus   Sindonews BukanBeritaBiasa .https://t.co/OJxLKkaL 
Negatif;kerajaangagal â€” Muhyiddin telah mengabaikan kadar kematian akibat Covid- yang tinggi di Malaysia   perlu segera menumpukan usaha pasukannya ke atas perkara ini kerana   kematian dalam bulan Jun sahaja adalah satu tahap yang tidak boleh diterima https://t.co/hnIsEnUJY https://t.co/ajHionih 
Netral;Lebih  kes positif direkodkan di Mentari Court  PJ  Selangor yg dikenakan PKPD bermula hari ini  Jumlah tidak termasuk penduduk mula disaring esok  Terdapat   penghuni di Pangsapuri ini.  Kesemua mereka juga akan diberi vaksin COVID- termasuk warga asing-Pegawai Daerah https://t.co/luLccocX 
Netral;Ketua DPRD Subang H. Narca Sukanda S.Sos mendampingi Bupati Subang Haji Ruhimat( Kang Jimat ) beserta seluruh undangan dari jajaran Satgas Covid- Subang dan unsur Forum Komunikasi Pimpinan Daerah ( FORKOPIMDA ) yang dihadiri pula oleh pasukan dari unsur TNI dan POLRI. https://t.co/ieQUNxlzh 
Positif;Ketua PBNU menyatakan mendukung PPKM Darurat sebagai upaya menekan jumlah kasus Covid-  sekaligus memberi perlindungan kepada masyarakat.  PPKM Langkah Tepat 
Netral;Ketua umum Pengurus Besar Ikatan Dokter Indonesia  Daeng Faqih menilai  tak masalah jika para dokter saat ini merekomendasikan obat Ivermectin sebagai terapi penyembuhan Covid-. Menurutnya  hal itu merupakan bagian dari ikhtiar.   PPKM Langkah Tepat https://t.co/eunweI 
Netral;Khofifah juga sampai menjelaskan  bahwa berdasarkan data yang ada kasus Covid- di Jatim mengalami peningkatan yang signifikan loh! 
Negatif;Meskipun demikian  menurut Khofifah si  dalam mengatasi lonjakan kasus Covid- ini menangani hilirnya saja tidak akan pernah cukup loh! 
Negatif;KKM sendiri akui % kluster di Selangor adalah berpunca dari kilang.  Macam mana pulak Azmin kata kilang bukan punca utama kes Covid- tinggi? https://t.co/OZPuiLyd 
Positif;â© Dan klien yg ambil A-Life Legasi pd bulan ini  akan dapat manfaat Free Covid- Diagnosis Cover Even for Home Quarantine (dan juga C Komplikasi Vaksin) ğŸ¤—ğŸ¤—  Jommmss dapatkan  hibah  keluarga. Wassap sekarangğŸ’ªğŸ»ğŸ’ªğŸ»  https://t.co/TaALTaMbdu 
Netral;Ada Klinik Vaksinasi Covid- di Masjid-masjid Inggris   Persatuan Dokter Muslim Inggris telah mendirikan klinik-klinik vaksinasi di masjid-masjid  bahkan ada pula klinik vaksinasi khusus perempuan.  https://t.co/NdkyJpDM 
Positif;Klo anda punya uang utk beli hewan qurban tapi tetangga/teman anda sangat mebutuhkan bantuan krn terdampak Covid-  mana yg didahulukam apakah berqurban atau bersadekah?   .  Saya pilih sadekah  Qurbannya tahun depan aja. Krn sadekah itu utk menyelesaikan masalah orang lain ? 
Netral;Konfirmasi Covid- di Labusel Sudah  Kasus https://t.co/oLsjjVJX 
Negatif;Sudah banyak korban termasuk korban meninggal  ini bukan saatnya kita berkonspirasi teori tentang apa itu Covid- ya 
Netral;KPU terbitkan E-Book Evaluasi Pembentukan Badan Adhoc Penyelenggara Pemilihan pada Masa Pandemi Covid . Selengkapnya klik disini   https://t.co/zsbqOXVIg KPUmelayani https://t.co/PjVLJbtko 
Netral;Masa Kritis Pandemi Covid- Diprediksi Terjadi hingga September https://t.co/nJiHRZZCY 
Positif;Krn Arab meniadakan ibadah haji utk warga luar  asrama haji digunakan utk RS darurat covid.   Respect utk Menag yg cepat tanggap.  Semoga membantu yg sednag perlu. Yg sehat  tetap disiplin prokes M ya   https://t.co/uZydNdUml 
Positif;   Kuncinya adalah mengonsumsi makanan sehat dan BERGIZI secara SEIMBANG dan BERAGAM untuk mendukung fungsi kekebalan tubuh yang optimal. Kenapa? Karena tidak ada satu jenis makanan pun yang dapat menghindarkan kita dari terpapar COVID- (The British Nutrition Foundation). 
Netral;Pada pelaksanaan PPKM Darurat ini  Wali Kota Kediri bersama Forkopimda Kota Kediri mengajak seluruh masyarakat untuk bekerjasama dalam menerapkannya.  https://t.co/oauDrpom     berita news terkini Jatim PPKMDarurat 
Negatif;Langgar PPKM Darurat   Warga Diajak Tour of Duty ke Makam COVID--Liponsos - detikNews https://t.co/SKfCSAQ https://t.co/onpKjbooN 
Netral;Tak Mau Terlantarkan Pasien Covid-  Anies Ubah JIExpo Jadi Tempat Isolasi https://t.co/tFAsXOqk 
Netral;Tak Mau Terlantarkan Pasien Covid-  Anies Ubah JIExpo Jadi Tempat Isolasi  Barakallah Pak Anies dan Pemprov   https://t.co/gvHdjmck 
Negatif;Meledak  Kasus Positif Covid- DIY Tambah . dalam Sehari https://t.co/xzCZbLo beritajogja jogja jogjaistimewa https://t.co/jUoomBc 
Netral;LIVE TALKSHOW â€“ Covid  Merebak Lagi | Radio Muslim Jogja https://t.co/QBKTKrBrw https://t.co/KxoEbSp 
Netral;â€œMelonjaknya kasus Covid- berpengaruh signifikan terhadap permintaan oksigen untuk suplai Rumah Sakit Rujukan Covid-  oleh karena itu peran penting PLN disini sangat dibutuhkan demi kelancaran https://t.co/EWxHzjeeP 
Negatif;Lonjakan wabah virus Corona mengejutkan negara. Pasalnya mampu mencetak rekor tertinggi kasus baru COVID- sepanjang sejarah pandemi dalam negeri. Keganasan ini langsung mematikan  sektor penting  kesehatan dan ekonomi. Bagaimanakah Kepemimpinan dalam Islam mengatasi hal ini? https://t.co/oSqAYLeL 
Negatif;Lonjakan wabah virus Corona mengejutkan negara. Pasalnya mampu mencetak rekor tertinggi kasus baru COVID- sepanjang sejarah pandemi dalam negeri. Keganasan ini langsung mematikan  sektor penting  kesehatan dan ekonomi. Simak  di channel MMC! https://t.co/dsInVPgODz https://t.co/tkcmYOpu 
Negatif;Lonjakan wabah virus Corona mengejutkan negara. Pasalnya mampu mencetak rekor tertinggi kasus baru COVID- sepanjang sejarah pandemi dalam negeri. Keganasan ini langsung mematikan  sektor penting  kesehatan dan ekonomi.Simak selengkapnya di channel MMC! https://t.co/OIunVOIg https://t.co/XtAAwAuSI 
Netral;Kasus Melonjak   Wilayah Jakarta Zona Merah Covid- - CNN Indonesia: Kasus Melonjak   Wilayah Jakarta Zona Merah Covid-Â Â CNN Indonesia https://t.co/rXlGgrGxb 
Negatif;Luhut Binsar Pandjaitan mewanti-wanti semua pihak agar tidak mencari untung di masa PPKM darurat. PPKMdarurat  https://t.co/ibDtozlv 
Negatif;Luhut: Jangan Coba-coba Naikkan Harga Obat COVID-  Anda Akan Menyesal! https://t.co/GWDlxSYTPU 
Netral;M'sia tercorot dalam indeks kemampuan untuk kembali normal lepas Covid- https://t.co/MgobEa 
Positif;https://t.co/TqQOkFvir  Makasih Gus Men   yg cepet tanggap. Ga kepikiran drmn dana pengadaan sapras dan alkesnya... yg pasti  yakin bkn dr minta ke kedubes kek wan proposal deh...ğŸ¤­ 
Netral;Mamat ni lagi!   Apa perbezaan antara Pelan Pemulihan  oleh Mahiaddin dan Rencana Memimpin Negara Pasca COVID-    Melonjak Semula Ekonomi Negara oleh Anwar?   Dlm rencana Anwar  secara tuntas memberi fokus kpd    -Kesihatan -Isi Rumah -Industri -Pekerjaan -Pendidikan https://t.co/ETWzVwIwn 
Netral;Mari putus rantai penyebaran Covid- dengan cara tetap memakai masker  mencuci tangan dengan sabun/hand sanitizer  menjaga jarak  menjauhi kerumunan serta mengurangi mobilitas.   wukirsarisejahtera wukirsarimendunia lawancovid 
Negatif;Masyarakat kita tidak sabar  tidak mau antri. Terjadi kerumunan dan berdesakan berebut ingin divaksin covid  dengan cara melanggar Prokes ? 
Netral;Maturnuwun Kiai. Mari kita sama-sama saling berusaha agar tdk ada lagi saudara kita yg jadi korban Covid . Mari saling eling lan ngelingke di pelaksanaan PPKM ini. https://t.co/lGRpSRWmcT 
Netral;Tiap menit  kita baca/dengar berita wafat atau terpapar Covid-. Mari kita perketat prokes  vaksin     doa.  Ini  doa anti-wabah/pagebluk: https://t.co/lkUDPv  Ini doa agar sembuh sakit dari Rasulullah: https://t.co/ymANMrL  Di Ma-ZiWiD  kami juga baca Hizib Nawawi.ğŸ¤²ğŸ™ 
Positif;Menteri Penyelaras Program COVID- Kebangsaan (PICK)  Khairy Jamaluddin berkata  dianggarkan lebih sejuta penerima yang terlibat dalam program sukarela AstraZeneca COVID- akan menerima janji temu dalam masa terdekat.  KomunikasiKita JabatanPenerangan https://t.co/ADomRTpZJQ 
Positif; Semoga ini jalan yang tepat Mengurangi banyak nya kasus Covid  ini 
Positif;Semoga Pandemi Covid- sgr  berlalu dari bumi  Indonesia *DoaDariDesaUntukIndonesia*             https://t.co/CdYsiuvB 
Positif; Semoga melalui PPKM Darurat bisa mengurangi penyebaran Covid- 
Positif;Semoga PPKMnya berhasil menekan laju penularan CoVid- varian apapun. 
Negatif;Mohon maaf untuk sementara semua destinasi wisata di DIY terpaksa ditutup karena naiknya kasus Covid- serta pemberlakuan PPKM Darurat. . Semoga kasus Covid- di DIY segera turun dan kita semua dapat kembali beraktivitas dengan tetap menerapkan protokol kesehatan ketat. https://t.co/ZODHwwBR 
Negatif;Mohon maap nih Sardjito kehabisan oksigen dari kemarin malam. Lah kok masyarakatnya pada adem ayem ya ğŸ¤¨  Ini akunya udah takut banget  karena di grup Aspen pada cerita kalau beberapa RS udah mulai mempertimbangkan DNR buat pasien COVID-. Ya Allah ğŸ˜­ 
Negatif;permohonan vaksinasi golongan tersebut  kata Menteri Penyelaras Program Imunisasi Covid- Kebangsaan (PICK)  Khairy Jamaluddin Abu Bakar.  MenangBersama LindungDiriLindungSemua KomunikasiKita JabatanPenerangan 
Netral; Mereka nak pergi disana...untuk tambah anaklah..kalau buat sana benin tu cantik tak ada COVID . Puki kena jaga sebab nanti Nazri dah tak ada apa macam.. 
Positif;NAKES adalah GARDA TERDEPAN pejuang penanggulangan COVID- Jangan MENYERAH teruslah berjuang demi rakyat banyak. https://t.co/KIelCRaR 
Netral;Negara yang paling terkesan di Asia Tenggara dan keempat jumlah populasi di dunia itu melaporkan   kes jangkitan baharu  pada Sabtu.  AWANInews AWANIpagi HapusCOVID  https://t.co/OwwnyRN 
Netral; Katanya baru negatif Covid- kan yağŸ˜ 
Netral;Sebelum ni tengok ejen lain yang share proposal takaful client dorang kena postpone sebab client pernah positive covid-. Hari ni benda yang sama jadi dekat client cikman pulak ğŸ˜¢  Client cikman ni sihat walafiat je and tak pernah ada sejarah penyakit. https://t.co/fPDGXlrEP 
Netral;Nilai tersebut meningkat selama lebih tujuh hari berturut-turut sejak  Jun lalu.  AWANInews AWANIpagi HapusCOVID  https://t.co/LVVRKjjN 
Negatif;Oksigen di RSUP Sardjito Yogya Menipis   Pasien Covid- Dikabarkan Meninggal https://t.co/HemVLkEaJB TempoNasional 
Positif;Orang Indonesia ramah  sopan dan santun. Buktinya belum ada yg berburu pejabat yg sejak awal anggap Covid- sekedar Goyang Ubur-ubur dan NKRI nggak mempan Covid- karena iklim tropis  jamu  kalung eucalyptus dan doa pemuka agama!!! 
Negatif;    Sudah saatnya orang jakarta pergi jalan ke sumatera barat makan dan jalan tanpa masker biar mereka merasakan ledakan covid  disana. Kan kata orang belum berasa sebelum merasakan. 
Negatif;Orang rumah pada aware sama COVID- kecuali bapak  emang pala batu bapakku padahal punya diabetâ˜¹ï¸ https://t.co/DtZzLk 
Negatif;Hari ini   orang sahabat dikabarkan meninggal stlh berjuang melawan keganasan Covid-. Terlambat penanganan medis akibat keterbatasan ruang ICU. Rahmat Hidayat  alumni SMA  Bdg '/Farmasi ITB '. Dan Jane Shalimar  pengurus DPP  /selebriti. Sangat berduka 
Netral;Orang yang sudah mendapat vaksin Covid- memang masih bisa tertular penyakit ini  tetapi jumlah virusnya (viral load) rendah - Lifestyle https://t.co/eyztunwt 
Positif;Orang-orang yg punya kesempatan buat vaksin covid- dan memenuhi syarat mending buruan vaksin covid- ğŸ‘ğŸ¼ 
Positif;Pademi Belom berakhir..  Mari bersama sama kita lawan penyebaran Virus Covid  dengan mematuhi protokol kesehatan.  cucitanganpakaisabun  pakaimaskermuğŸ˜·ğŸ˜·ğŸ˜·  jagajarak https://t.co/asDqxKhq 
Positif;Pagi yang cerah bersama meriahnya covid ğŸ˜‚ğŸ˜‚ğŸ˜‚ğŸ˜‚ğŸ˜‚ğŸ˜‚ 
Positif;Pagi Mari kita kembali Saling berbagi Berkat    Kasih Tuhan Yang telah  sedang    akan kita terima Kepada sesama umat manusia Dan Juga Ciptaan Nya Tanpa memandang adanya suatu perbedaan Maupun suatu perselisihan Salam semangat  sehat sehat selalu    tetap patuhi protokoler covid- 
Netral; Pagi sahabat  saat ini Protokol Kesehatan Perjalanan Internasional Pada Masa Pandemi Covid- sesuai Surat Edaran Nomor  Tahun  dari Satuan Tugas Penanganan Covid-. Informasi selengkapnya  silahkan akses melalui link : https://t.co/GsInsSLyip . () 
Netral;Pahalamu akan dicatat sesuai kebiasaanmu...  â€œApabila seorang hamba sakit atau bepergian dicatat (amalannya) seperti apa yang dikerjakannya ketika dia bermukim dan sehatâ€(HR Bukhari)  Wabah COVID- termasuk uzur syarâ€™i boleh tidak sholat jamaâ€™ah dan Jumâ€™at (Fatwa Lajnah Daâ€™imah) 
Netral;Memakai masker melindungi kita dari penularan virus Covid  . Tetap pakai maskermu! ElshintaProkes   Update informasi mu dengarkan streaming Elshinta &gt &gt https://t.co/leiUXCVav https://t.co/GkjjVAwmZ 
Netral;Di tengah pandemi COVID-  beberapa obat jadi buruan hingga harganya melonjak gila-gilaan. Kemenkes RI menetapkan harga eceran tertinggi (HET) untuk  obat. https://t.co/srmwjjPecX 
Netral;Pandemi covid- berakhir who? https://t.co/MgXlLVXLYs 
Netral;Panduan ini dianjurkan oleh dr Erlina Burhan  Ketua Perhimpunan Dokter Paru Indonesia (PDPI) yang juga menjadi Juru Bicara Penanganan Covid- IDI. https://t.co/mHExvxsyF 
Netral;Panduan ini dianjurkan oleh dr Erlina Burhan  Ketua Perhimpunan Dokter Paru Indonesia (PDPI) yang juga menjadi Juru Bicara Penanganan Covid- IDI. https://t.co/qSCIYCws  BeritaSonora via 
Negatif;Daripada panic buying sama susu kaleng yg ndak jelas khasiatnya dalam mencegah infeksi COVID-  mending buruan vaksin yg udah jelas khasiatnya dalam mencegah infeksi COVID- yukvaksin 
Netral;Jangan Panik! Ini  Latihan Pernapasan Pasien Covid-  Cocok untuk di Rumah Sakit atau Isoman https://t.co/njoSbbc https://t.co/dvHHQUjlt 
Netral;Pasien Membeludak  Sleman Buka Rumah Sakit Darurat Covid- di Maguwoharjo https://t.co/IpkuTuTP beritajogja jogja jogjaistimewa https://t.co/dgrYgexLD 
Netral;Patroli gabungan Polsek Bendosari bersama Koramil dan Trantib  sambangi obyek vital dan pemukiman warga serta sampaikan imbauan protokol Kesehatan cegah penyebaran Covid-. [//] . . kamtibmaskondusif  bersamacegahcovid  patuhiprotokolkesehatan  AyoTaatiPPKM https://t.co/OJahyLgmR 
Positif;Patuh Pada Ketua Adat  Kasus Covid- di Masyarakat Baduy Nol Persen https://t.co/OSbFEtGc https://t.co/KFfWmuU 
Netral;Dua pekan tidak cek situs ini  ternyata sudah ada  varian baru Covid- dan jumlahnya  kasus di Indonesia. Rinciannya:  -Alpa (B...) :  -Beta (B..) :  -Delta (B...+AY.+AY.) :  -Eta (B..) :  -Lota (B..) :  -Kappa (B...) :  https://t.co/qceYraiUX 
Netral;Pemkab Sidoarjo Cairkan Insentif Penggali Makam Covid- Rp   Miliar https://t.co/VCLdpR 
Positif;Pentadbiran Amerika Syarikat sahkan akan sumbang  juta dos vaksin COVID- Pfizer Biontech kpd Malaysia. Menurut pegawai Rumah Putih   sumbangan  juta vaksin itu akan tiba di Malaysia Isnin ini ( Julai). Presiden Jo Biden komited sumbang  juta dos vaksin ke seluruh dunia. https://t.co/urXAznFp 
Positif; Yang tidak percaya covid-  lebih baik bantu tenaga medis  supir ambulan  dan petugas gali kubur.. tenaga kalian lebih berguna dari pada kalian duduk  dan menyebar  katanya covid itu bla..bla..bla..  
Negatif;Pemerintah Abai   Pasien Covid- Meninggal Saat Isolasi Mandiri https://t.co/BbwwmdCE 
Negatif;Pemerintahan gagal  sikap plinplan dari awal covid   membuat huru-hara sampai sekarang  pemerintah sepertinya tak mampu mengatasi situasi ini  justru di perburuk oleh BuzzeRp yg makin merusak kehidupan  memframing seolah pemerintah sudah tepat dalam penanganan ayolah teng sadar 
Negatif;Di saat pemerintah sedang berkonsolidasi melawan pandemi covid-  mahasiswa semestinya bisa berperan aktif kepada pemerintah dalam mengkonsolidasikan perlawanan pandemi covid-  bukan malah memberi kritik tanpa solusi.     AwasBahayaVirusKadrun https://t.co/pXLdYlVpAM 
Netral;Pemerintah telah mematok Harga Eceran Tertinggi (HET)  obat dalam masa pandemi Covid-. Kemenkes https://t.co/CaJJQWIq 
Positif;Pemerintah Wakanda berusaha menanggulangi COVID- https://t.co/WaeLzRTn 
Positif;PERSONIL SAT LANTAS MELAKSANAKAN YUSTISI MANDIRI GUNA MEMBANTU PEMERINTAH MEMUTUS PENYEBARAN COVID   Polda bali - Polres Klungkung - Satuan Lalu Lintas https://t.co/TuxNQWTw 
Positif;PESAN ULAMA | KH.SAID AQIL SIRAJD  Dukung PPKM kebijakan pemerintah untuk meredam penyebaran virus covid-. https://t.co/uOIWnDhBM 
Netral;Pharmaniaga Logistics Sdn Bhd (PLSB) akan uruskan logistik dan pengedaran lebih lapan juta dos vaksin COVID- AstraZeneca  https://t.co/XcOnRFZo  MenangBersama LindungDiriLindungSemua https://t.co/zmdDMtEELZ 
Negatif;     Pemikiran bodoh  mending biaya daftar haju ente dan orang tua ente aj yg ditarik  alhamdulillah klo ga jadi berangkat.. Berarti panggilan Allah utk ibadah haji berlaku bagi org yg terpanggil  Jangan provokasi org lain  org lain mau ibadah karena seluruh dunia juga kena Covid- 
Positif;Pimpinan Pusat Muhammadiyah melalui surat EDARAN PIMPINAN PUSAT MUHAMMADIYAH NOMOR /EDR/I./E/ menyampaikan panduan persiapan Iduladha  H di masa pandemi.  Dengan kondisi kasus Covid- yang masih terus meningkat  semoga bisa menjadi perhatian kita bersama. Aamiin https://t.co/fBpBRAGG 
Netral;PKP COVID-  KENYATAAN MEDIA KETUA POLIS NEGARA  Pergerakan Tujuan Perubatan / Vaksinasi Dan Kecemasan Bagi Lokaliti PKPD.  StayHome BeSafe PrayMalaysia LetsHelpOurFrontliners HELP BREAK THE COVID- CHAIN https://t.co/iKfqLTpLL 
Netral;PLANDEMI COVID_   VAKSIN COVID_   G   TATO DOT QUANTUM   CHIP IMPLANT RFID   MARK OF THE BEAST   PERANG EKONOMI   PERANG BIOLOGI   PROGRAM FINANSIAL   PINJAMAN DAN HUTANG   RE EDUKASI   BRAIN WASHING   PROPAGANDA MEDIA   KEKUATAN EMAS   MATA UANG TUNGGAL DUNIA https://t.co/kNtCiVZ 
Netral;Polri mengerahkan tujuh tugas (Satgas) yang akan diterjunkan selama pelaksanaan Operasi Aman Nusa II Lanjutan Penanganan Covid- LangkahCepatPolri OpsAman Nusa II https://t.co/kpyuCljbU 
Netral;Polsek Palaran kembali menggelar operasi yustisi guna memutus mata rantai penyebaran virus covid- di simpang tiga depan jembatan Achmad amin jln.Dwikora. . . PoldaKaltim  Polrestasamarinda  divisihumaspolri https://t.co/LSjjCslu 
Netral;Polsek Wonotirto Polres Blitar bersama Instansi Terkait melaksanakan Pemberlakuan PPKM Darurat untuk mencegah penyebaran Covid- Di wilayah Kecamatan Wonotirto Kabupaten Blitar (Sabtu   Juli ).  PPKMDarurat PatuhiProkes PolriPresisi https://t.co/rpkgGioP 
Netral;Ponorogo Keluar dari Zona Merah Covid-  Wabup Lisdyarita: PPKM Mikro Tetap Sampai  Juli - https://t.co/kqNRKZa https://t.co/bxUMmodLm https://t.co/BkOmaCA 
Positif;yang disebut PPKM Darurat untuk dapat mencegah perluasan penyebaran Covid-. 
Positif;PPKM DARURAT mulai berlaku  -  Juli . Ini dilaksanakan semata-mata untuk menekan penyebaran Covid- yang tidak terkendali. KESELAMATAN RAKYAT ADALAH HUKUM TERTINGGI! https://t.co/qcglOqRZXn 
Positif;PPKM Darurat sudah mulai berlaku hari ini   Kita semua harus bersiap untuk mematuhinya demi menekan laju penularan covid-..   Berikut  poin penting yang perlu diperhatikan selama PPKM Darurat di Jawa Tengah sesuai Instruksi Gubernur Jawa Tengah No.  Tahun  https://t.co/CnNxRymSd 
Netral;Hari pertama PPKM Darurat  Sabtu (//)  kasus positif Covid- di Jombang  Jawa Timur  bertambah sebanyak  orang.   https://t.co/fLQOzRfX  berita news terkini Jatim PPKMDarurat 
Positif;PPKM Darurat sesuai instruksi Presiden Jokowi ini menjadi harapan besar bagi kita juga untuk menekan penyebaran kasus Covid- di Jawa Timur 
Netral;PPKM darurat tujuannya agar penularan Covid- dapat ditekan penyebarannya https://t.co/WAuLPBdq 
Negatif;PPKM Darurat Dimulai   Usulkan Tutup Pintu Masuk ke Indonesia   Darat/Laut/Udara. Untuk atasi covid- varian delta yg asalnya dari India  WNI di kawasan PPKM darurat tidak boleh keluar dari kawasan  wajarnya WNA juga jangan masuk ke Indonesia. https://t.co/TCEgFDv 
Netral;PPKM hari ke- jalanan lengang. Sepi tenan..   dasareisihesuk ğŸ¤­  ppkm mikro ppkmmikro jawabali covid_ https://t.co/XvAqeLweU 
Positif;PPKM Langkah Tepat Sejarah Ivermectin  Obat Cacing yang Diduga Dapat Melawan Covid- https://t.co/ijpkwVyWt 
Negatif;Tak Prediksi Lonjakan Corona Seganas Ini  Pemerintah Abai? | Serba-serbi MMC  Lonjakan wabah virus Corona mengejutkan negara. Pasalnya mampu mencetak rekor tertinggi kasus baru COVID- sepanjang sejarah pandemi dalam negeri.   https://t.co/IUYKHjeTC https://t.co/MNLltCjBqL 
Netral;Presiden Mahmoud Abbas melanjutkan perintah darurat di Palestin bagi melawan pandemik Covid- selama  hari.  Sumber: WAFA Agency https://t.co/bKfzbQFZpl https://t.co/PbvaTrrJs 
Negatif;Ketika prinsip ekonomi dasar  supply vs demand  berdampak pd kenaikan harga obatan utk penyembuhan infeksi Covid...maka pemerintah harus tegas dlm hal ini. Rasa kemanusiaan selalu terkalahkan oleh jiwa bisnis walaupun dlm situasi kesusahan spt ini. DAMN! https://t.co/IEHFJfyh 
Netral;Pro Kontra Ivermectin Obati Covid-  Ini Kata Perusahaan Farmasi Pembuatnya - Tempo https://t.co/fwIBqAxJD https://t.co/WTCkPX 
Netral;produksi agar penanganan dan perawatan pasien Covid- tidak terkendala â€ terang General Manager PLN UID Jawa Timur  Adi Priyanto. https://t.co/jpZJFmp 
Netral;Produsen di AS Beri Pernyataan soal Penggunaan Ivermectin sebagai Obat Covid- https://t.co/KBcehPV 
Positif;PRONING - THE MIRACLE OF SUJUD untuk Menyembuhkan Serangan Covid- https://t.co/QawKNCgbh via 
Positif;PT. Rosalia Indah Transport sepenuhnya mendukung Program Pemerintah terkait penanganan kasus Covid- melalui dilaksanakannya PPKM (Pemberlakuan Pembatasan Kegiatan Masyarakat) Darurat yg diterapkan di sejumlah Kota/Kabupaten di P. Jawa    P. Bali  mulai dari tgl  â€“  Juli . https://t.co/nHOmHOG 
Netral;Saya baru pulih dari Covid  . Panas badan . Dingin ga bisa kena air . Hilang penciuman . Hilang rasa lidah . Pilek batuk.. . Otot kaku ngrentek . Lemes banget muales pol . Kepala nyutnyutan 
Netral;PUNCA PENINGKATAN KES COVID- SABAH HARI INI   JULAI   Sumber : Kenyataan Media Harian Kerajaan Negeri Sabah   Julai   JaPenSabah COVID LindungDiriLindungSemua https://t.co/CPThefaQw 
Negatif;Apa kata kita buat Qunut Nazilah  minta Allah melaknat para pemimpin yang telah banyak membunuh peniaga kecil  pesakit Covid-  dan mereka yang menghalalkan apa yang Allah haramkan dengan membenarkan pembukaan syarikat kredit komuniti yang jelas ada hukum riba? 
Netral;Rachmawati Soekarnoputri Dimakamkan Sesuai Protokol Covid- https://t.co/byQAnPtU 
Positif;Kerajaan kekal komited dalam mencari pelbagai cara dan mekanisme yang berkesan untuk membantu golongan yang terjejas disebabkan oleh pandemik COVID-.  MenangBersama LindungDiriLindungSemua KomunikasiKita JabatanPenerangan https://t.co/gZDNFtgoS 
Netral;Pada rakor tersebut  Khofifah juga menjelaskan  bhw berdasarkan data yang ada kasus Covid -  di Provinsi Jawa Timur mengalami peningkatan yang signifikan loh ! 
Netral;Pada rakor tersebut  Khofifah jg menjelaskan  bhw berdasarkan data yg ada kasus Covid -  di Jatim mengalami peningkatan yg signifikan loh ! 
Netral;Pada rakor tersebut  Khofifah jga menjelaskan  bhwa berdasarkan data yang ada kasus Covid -  di Jawa Timur mengalami peningkatan yang signifikan loh ! 
Netral;Pada rakor tersebut  Khofifah jugah menjelaskan  bahwa berdasarkan data yg ada kasus Covid -  di Provinsi Jatim mengalami peningkatan yg signifikan loh !
Netral;Rakyat yang terputus bekalan makanan akibat pandemik COVID-  boleh berhubung dengan pusat khidmat wakil rakyat di kawasan masing-masing untuk memohon Bantuan Bakul Makanan bawah Pakej Perlindungan Rakyat dan Pemulihan Ekonomi (PEMULIH) dan https://t.co/SgFUcBwzng 
Negatif;Ketika rakyat bertungkus lumus mencari nafkah hidup  episod perebutan kuasa pula sedang rancak berlangsung. sinarharian  https://t.co/WSgFKdGh 
Netral;Dalam rangka memutus rantai penularan Covid-  dan demi memberikan layanan dengan aman dan nyaman  apabila Wajib Pajak menghendaki layanan tatap muka  pastikan telah mengisi form https://t.co/ctokVuTZK. 
Netral;Apa itu rapid test antigen COVID- dan bagaimana mekanisme bekerjanya?  -Sebuah utas- 
Positif;Kita  ras  ras manusia! Dengan  musuh bersama pandemi Covid-. Kita harus memenangkannya bersama-sama ~ BungFADJROEL Sarang haeyooo Patuhi PPKMDarurat  KarenaKamiSayangKamu JubirPresidenRI  https://t.co/FqDEAwo 
Netral;Rata-rata penduduk dengan kebanyakannya pekerja industri dipercayai telah meninggalkan rumah masing-masing.  AWANInews AWANIpagi   https://t.co/kkOeeykcSe 
Negatif;Ratusan Pasien Covid- di RI Tewas Saat Isolasi Mandiri https://t.co/zHrNOrqlM 
Positif;RELAWAN SURABAYA MEMANGGIL .  Kami  relawan Surabaya memanggil segenap arek-arek Suroboyo  hadir demi Surabaya merdeka dari Covid-.  Kami  relawan Surabaya  siap untuk gotong royong bergerak melindungi diri  keluarga  kota dan negara  https://t.co/MKFiKbhn 
Netral;Remaja - Tahun Sudah Boleh Vaksinasi Covid- https://t.co/TofFOJ 
Netral;Repost  â€¢  â€¢  â€¢  â€¢  â€¢ Mengalami beberapa efek samping pasca vaksin Covid- adalah hal yang tidak jarang dipertanyakan banyak warga. Efek samping ini dapat terjadi karena tubuh memberikan respon alami....... https://t.co/ZPaaVMEG https://t.co/SabipZly 
Netral;Repost  â€¢ â€¢ â€¢ â€¢ â€¢ â€¢ TemanPemilih  kamu perlu tahu aturan PPKM Darurat Jawa Bali tanggal - Juli . Ayo pahami dan patuhi ya...agar  pandemik Covid- segera berlalu  KPUmelayani https://t.co/tRcduyGZE 
Negatif;Repost  â€¢  â€¢  â€¢  â€¢  â€¢ Wilujeng berakhir pekan wargi Bandung! Akhir pekan dirumahaja ya ğŸ˜˜ â€¢ Lonjakan kasus cukup meningkat di Kota Bandung  mungkin ada tetangga kita juga yang terpapar Covid-. Jangan..... https://t.co/lNycCzexP https://t.co/tcxyBmqss 
Negatif;RS di DKI Nyari Kolaps karena Covid-  Anies: Ini Nyata  Posisi Kita Sangat Berisiko https://t.co/jFbbZLnr https://t.co/ZQshbhbm 
Netral;RSUD dr Soetomo Benarkan Foto Jejeran Jenazah Covid- yang Ditutupi Lampin https://t.co/FgaYQhR https://t.co/NTyfRMihLz 
Negatif;Ruang IGD semua Rumah SakitÂ² di Jakarta penuh semua dgn pasienÂ² Covid-. Gimana kalo Ruang sidang DPR dijadiin Ruang Isolasi darurat ajaâ— daripada mubazir yaa kan â‰ï¸ https://t.co/frYibxPY 
Negatif;Rumah Sakit Umum Pemerintah (RSUP) Dr Sardjito DI Yogyakarta dikabarkan kehabisan oksigen medis. Akibatnya  enam pasien Covid- meninggal dunia. https://t.co/nHYwtJsAK 
Positif;S E R D A D U . .  Old soldiers never die and they never fade away. Until they are call by the wall mighty lord  ğŸ‡²ğŸ‡¨ . . Terimakasih Opung LBP    Selamat berjuang      para nakes    seluruh elemen masyarakat sbg garda terdepan melawan Covid-. https://t.co/ulgnsbf 
Negatif;Berapa banyak yang sadar bahwa keterbatasan kemampuan negara melindungi rakyat dari pandemi covid- adalah akibat korupsi yang merajalela? 
Positif;Untuk sahabat twitter Yang sedang sakit terpapar Covid- Semoga cepat sembuh   membaik Tetap semangat dan terus berdo'a Yang sehat tetap patuhi Prokes  Semoga kita semua termasuk orang yang beruntung ğŸ¤² aamiin 
Netral; HARI SAHAJA LAGI â—ï¸â—ï¸â—ï¸  Ayuh merebut keberkatan Aidiladha ini dengan ibadah Qurban Plus bersama As Sofa.  Selain disalurkan kepada fakir miskin dan golongan terkesan akibat Covid-  agihan turut diberikan kepada tahfiz terpilih.  https://t.co/LjetNaFVnQ https://t.co/VOnFsGy 
Netral;Pesakit COVID atau kontak rapat yang menjalani kuarantin di rumah perlu mendapatkan rawatan segera di fasiliti kesihatan jika mengalami gejala-gejala ini.   Gejala-gejala ini adalah 'warning signs' kesihatan pesakit  COVID- semakin teruk.   Segera dapatkan rawatan dengan: https://t.co/WlRUkyIqnF 
Netral;Satgas Covid- Depok Tindak Tegas Kerumunan saat Gelar Hajatan https://t.co/HslWIWZc 
Positif; Demi kesehatan dan agar menekan berkembang covid  mari kita ikuti surat edaran gubernur 
Positif;Selamat berhari Minggu Semoga Covid  cepat berlalu 
Netral;Selamat jalan  maestro. Covid- merenggut sang dalang  Ki Manteb Soedharsono  saat isoman  tidak kebagian kamar di RS. https://t.co/keidZKq 
Positif;Selamat pagi sahabat TiJe  selamat berakhir pekan  dalam menghadapi pandemi Covid- setiap individu untuk tetap tenang dan waspada  disiplin menerapkan protokol kesehatan berarti membantu mengurangi rantai penyebaran virus COVID-. Selalu jaga kesehatan ya :) https://t.co/CblYIOBJ 
Netral;Sepakat Outreach Vaksinasi Covid- bersama Masyarakat Orang Asli Pos Sungai Rual  Jeli  Foto penuh klik pautan di bawah :  https://t.co/sbLIpNou        bergheh KomunikasiKita Outreach https://t.co/nUXsb 
Positif;Penyerahan Bantuan Sosial Terdampak Covid  oleh Rofik Hananto Anggota Komisi VI FPKS DPR RI  Berupa: -  Tabung Oksigen -  Handsanitizer -  Lauk Pauk -  Box Kurma -  Boks Nasi siap Konsumsi https://t.co/wUhpoUPI 
Negatif;TERSERAH - SERAHLAH DKI SUDAH HANCUR DI TANGAN LOE  CUK ! . . . . . . Asal jangan bikin tugu lagi mual tau ga sih. . .  https://t.co/uaUOdGYct 
Positif;Sholawatan yuk.. Ya Alloh selamatkan kami dari pandemi COVID- yang semakin parah ini  Ya Alloh sehatkanlah kami semua .. Aamiiin  Sholawat bersama gus Aldi lihat channel  Gus Muhaimin https://t.co/REXrCgIV 
Positif;Siapkan segala sesuatunya Â sepertiÂ makanan Â obat-obatan Â dan alat pemantau kondisi tubuh Â agar isolasi mandiri Covid- berjalan aman serta nyaman. https://t.co/vPOCstQO KoranTempo 
Positif;Sila ingat untuk lengkapkan vaksinasi anda (terutama bagi vaksin yang mempunyai  dos)  ini bagi memastikan anda dilindungi sepenuhnya daripada jangkitan COVID-.    MenangBersama LindungiDiriLindungiSemua PKPD KitaTeguhKitaMenang KomunikasiKita PsaCOVIDRTM https://t.co/FlbPcllNRn 
Netral;Sebab  situasi Covid- saat ini telah melampaui puncak kasus Covid- yang terjadi pada awal tahun ini loh! 
Negatif;Sma PENEGAKAN HUKUM COVID- itu hny diberlakukan kpd IBHRS!!!krn emang sdh mnjd TARGET untuk DIHABISI!!! BIADAB LAKNATULLAH!!! https://t.co/XhdAqwcoX 
Netral;Sobat Jatim   berikut ini peta sebaran COVID- di Jawa Timur s.d.  Juli .             https://t.co/hXhvqhOC 
Netral;Status Terkini COVID- Di Malaysia   Julai   Sumber:   MenangBersama LindungDiriLindungSemua KomunikasiKita JabatanPenerangan https://t.co/dOSiDQa 
Negatif;Stop Unggah Sertifikat Vaksin Di Medsos!  Sertifikat digital vaksin Covid - itu memuat QR Code yang wajib dilindungi karena didalamnya memuat data pribadi kamu lho..  Jadi.. Jangan pernah unggah sertifikat digitalnya ya.. karena bisa saja datanya disalahgunakan untuk kejahatan. https://t.co/QNrRZLul 
Positif;Berbagai suplemen ludes di pasaran ketika COVID- melonjak gila-gilaan. Padahal nggak perlu panik buying  berbagai vitamin penting ada di makanan sehari-hari. https://t.co/HVQbYj 
Netral;Surat Edaran Terbaru Satgas Covid- tentang Perjalanan Dalam Negeri: Dari Wajib Masker Tiga Lapis Hingga Kartu Vaksin https://t.co/HPbvOlk https://t.co/OUrfuTJo 
Netral;Persyaratan calon penumpang harus sudah divaksinasi Covid- minimal dosis pertama. https://t.co/mjFYjHQQUs 
Negatif;Soal penanganan Covid-  rujukannya pada ke China dan Vietnam. Tapi nanti kalau diimplementasikan seperti China dan Vietnam  muncung kalian juga yang paling kencang menentang. Kalian liat satu tank di jalan raya aja udah ributnya udah kayak apa. 
Netral;Petani yang mengusahakan sawah padi perlu mematuhi SOP yang ditetapkan untuk mengelak jangkitan COVID-.  ICYMI AWANInews AWANIpagi DisiplinMalaysia NormaBaharu  https://t.co/Dtxpskv 
Netral;Untuk itu  perlu ditarik rem darurat untuk bisa menghentikan penyebaran kasus Covid- melalui pembatasan mobilitas sosial. 
Netral;Task force covid  Selangor ni tujuan dia nak tunjuk hebat dari kerajaan persekutuan je. 
Positif;Peneliti asal Perancis  China dan Itali yang mengabarkan bahwa kandungan nikotin dalam rokok mempunyai efek baik dalam membantu pencegahan covid- . ğŸ¤”  https://t.co/CokAGXgr 
Positif;â€¼ï¸ Teman-teman  pandemi telah membuat kita bergerak dalam kenormalan baru  sekaligus memberi ancaman yang belum selesai. Kami bersyukur atas teman-teman yang sehat dan terlindungi. Namun kami turut sedih mendengar kabar positif COVID- dari banyak keluarga dan kerabat. 
Netral;TemanPemilih  kamu perlu tahu aturan PPKM Darurat Jawa Bali tanggal - Juli . Ayo pahami dan patuhi ya...agar  pandemik Covid- segera berlalu  KPUmelayani https://t.co/tVrqAejlGd 
Positif;Selalu yakin dengan thibbun Nabawi..  Studi Buktikan Madu dan Jintan Hitam Percepat Pembersihan Virus COVID- https://t.co/DkIdRoEie 
Negatif;Tempat tidur penuh  RSKD Balikpapan tutup layanan UGD COVID- - ANTARA https://t.co/oriEAubFN 
Negatif;Tim Advokasi Korban Korupsi Bansos Covid- telah mengajukan Gugatan    mendatangi langsung Pengadilan Tindak Pidana Korupsi Jakarta pada  Juni  lalu.  Tim Advokasi menggunakan Penggabungan Perkara Gugatan Ganti Kerugian yg diatur di Pasal  KUHAP.  BongkarKorupsiBansos https://t.co/SMsspAeHz 
Negatif;Today dapet kabar   bos samator Pak arief harsono  meninggal dunia setelah terpapar covid   Sungguh berita yang jujur menyedihkan buat  negara  Apalagi tindakan beliau dalam supply oksigen selama ini  Semoga amal Ibadah beliau diterima  oleh Tuhan yang Maha Esa https://t.co/oFXRsHej 
Positif;TPP Kabupaten Sampang mendo'akan semoga wabah Covid- segera diangkat oleh Allah SWT dari negeri ini                  DoaDariDesaUntukIndonesia  tppisampang https://t.co/UJPxgzyGT 
Positif;Tracing dan testing menjadi salah satu kunci penting penerapan PPKM Darurat supaya efektif  Pemerintah Kota Semarang akan berupaya melakukan lebih banyak swab untuk melakukan deteksi dini  guna meminimalisir dampak COVID-  seperti menurunkan angka kematian  BergerakBersama https://t.co/gDWrVPKO 
Negatif;Tragis! Tinggalkan RS  Pasien Covid- Meninggal di Selokan https://t.co/CySTbwQgNQ https://t.co/XBrhgbGX 
Negatif;Tua-muda Kaya-miskin Sekolah Tinggi-Tidak sekolah Artis-orang biasa Pejabat-Pengangguran  Arief Harsono  Bos Samator Group Meninggal Dunia Karena Covid- https://t.co/RmNgbF 
Netral;Penumpang kereta api jarak jauh diwajibkan menunjukkan kartu vaksin Covid-  minimal dosis pertama  selama PPKM Darurat. https://t.co/xOZKSBm 
Negatif;Kok malah ujungnya memprovokasi ya:  Ayo kita lawan pemerintahan dzolim ..  Aneh  saya pikir ibu ini akan mengatakan  Ayo kita lawan  kita putus penularan covid- ...  Silakan barangkali ibu itu ingin berkenalan dengan  . https://t.co/jRnhLNOI 
Netral;Update COVID- Muba: Bertambah  Kasus Sembuh   Positif   MeninggalÂ Dunia https://t.co/kRaLvdnpqC 
Netral;Update data sebaran kasus pasien Covid- di Kalurahan Wukirsari berdasarkan data dari Pemerintah Kalurahan Wukirsari yang bekerja sama dengan Puskesmas Imogiri I per Minggu  Juli  . https://t.co/DekqkSCg 
Netral;[UPDATE] pelayanan Vaksinasi COVID- di wilayah Puskesmas Mojolangu      https://t.co/uisvKMb 
Netral;Update Regulasi Persyaratan Naik KA di Masa PPKM Darurat  Perjalanan KA antarkota  penumpang usia  thn ke atas wajib menunjukkan kartu vaksin COVID- minimal dosis pertama    surat negatif RT-PCR atau Rapid Test Antigen.  Info lengkap: https://t.co/iVAfpFXQ  KAIupdate https://t.co/LHUAGukFJ 
Netral;Update : Rekap Data Implementasi PPKM Mikro  Zonasi Pengendalian Covid- di Tingkat Rukun Tetangga dari  Kalurahan  se Kabupaten Bantul.  Seluruh Kalurahan Terdapat Kasus Covid-  mulai hari ini  Sabtu  Juli   Bantul menerapkan PPKM Darurat  PPKMMikroJuli https://t.co/mVWQGmHiY 
Positif;USA hari ini telah membenarkan banyak sektor ekonomi dan sosial beroperasi secara normal.  tahun dulu mereka antara negara paling teruk dilanda Covid-. Perubahan yang sangat drastik.   Tindakan rakyat USA menggugurkan  Donald Trump adalah tepat. 
Netral;Sehingga kini Vaksin Covid- hanya dibekalkan oleh Kerajaan Malaysia mengikut Pelan Imunisasi COVID- Kebangsaan. Sebarang Penjualan atau Pembekalan vaksin melalui mana-mana medium lain termasuk secara dalam talian (Online) adalah TIDAK DIBENARKAN. https://t.co/nZZEupe 
Negatif;Vaksin Covid- tidak membuat anda kebal dari penularan Covid-!!! 
Netral;Vaksin yg ada skrg emg bukan bikin kita kebal Covid-. Jadi  - Masih bisa terinfeksi meski udah vaksin x  cuman gejalanya jadi terminimalisir. - Abis disuntik vaksin     butuh waktu berminggu utk pembentukan imun. Jd abis suntik ya gak boleh abai prokes. - Yg penting ikhtiar. https://t.co/vBCHYh 
Netral;Vaksinasi Covid- untuk anak usia - tahun di Klinik Pediacare  Jakarta Selatan Cek IG: klinikpediacare Sumber: https://t.co/WfvTeDOIo https://t.co/ORjMiBd 
Netral;Vaksinasi Covid- untuk anak usia - tahun di Mal Taman Anggrek  Jakarta Barat  Cek IG: maltamananggrek Tw:   Sumber: https://t.co/lCxkAFHUMP https://t.co/qecIcSNBy 
Negatif;Varian Delta yang cepat merebak telah mengakibatkan lonjakan kes baharu COVID- di serata dunia.  Varian itu yang dianggap 'ancaman terbesar' dilapor telah menular di hampir  negara sekali gus menjadi varian COVID dominan ketika ini terutama di https://t.co/THHscAFU 
Positif;Video semenit ini merangkum kebijakan Presiden menangani pandemi Covid- dalam satu setengah tahun terakhir. https://t.co/ShecHkt 
Positif;Viral Ganjar Pranowo Marahi Mahasiwa Positif Covid- yang Tolak Pakai Masker Setahun - https://t.co/slgngx https://t.co/vAeABIPY https://t.co/rZmfZguBe 
Negatif;Virus Corona Varian Delta Dominasi Wabah Covid- di Italia: Virus vararian Delta mulai Dominasi Wabah Covid- di Italia. Varian delta lebih ganas dari varian alpha atau beta. kampanye vaksinasi minim https://t.co/YlzUCmyyn https://t.co/UFxAGehMe 
Negatif;VIRUS COVID   ini asalnya dari LUAR (ASING) Tapi LUCU nya di JAKARTA  PINTU KELUAR MASUK untuk WARGA dibatasi tp PINTU KELUAR MASUK untuk WARGA ASING dibiarkan TERBUKA    beroperasi seperti biasa  Kalau saya gak percaya COVID pada ngamuk tp peraturan bikin saya gak percaya COVID 
Netral;Wakil Gubernur Jawa Timur Dr. H. Emil Elestianto Dardak  B.Bus.  https://t.co/lhSgDHpy.  bersama Wakapolda Jatim Brigjen Pol Drs. Slamet Hadi Supraptoyo  S.H.  M.H.  melaksanakan kunjungan kerja dalam rangka meninjau pelaksanaan PPKM Darurat Covid- di Kabupaten Tuban https://t.co/DvapbjhtYB 
Netral;Wakil Gubernur Jawa Timur  Emil Elestianto Dardak meninjau Pemberlakuan Pembatasan Kegiatan Masyarakat (PPKM) Darurat dan proses vaksinasi di Kabupaten Tuban.  https://t.co/xSHomGWyu     berita news terkini Jatim PPKMDarurat 
Negatif;Walikota Surabaya Eri Cahyadi mengatakan bahwa jika nanti ada yang melanggar PPKM Darurat  akan dibawa ke TPU Keputih untuk melihat berapa banyak orang Surabaya yang meninggal karena Covid-.  https://t.co/KexWbxR    berita news terkini Jatim PPKMDarurat 
Netral;Buat Warga Balikpapan yang Ingin Vaksinasi Covid- Bisa Daftar di Link Ini - https://t.co/EsHgfEkpe https://t.co/PbmADES 
Negatif;Warning signs' yang menandakan keadaan pesakit COVID- (yang kuarantin di rumah) semakin teruk dan perlu rawatan segera di fasiliti kesihatan.   ğŸ”´Demam berpanjangan  ğŸ”´Kesukaran bernafas  ğŸ”´Sakit dada  ğŸ”´Kurang selera makan dan minum  ğŸ”´Kelesuan bertambah teruk 
Negatif; Waspadai Penyebaran Wabah Covid .. yg semakin luar biasa Ganas dan mematikan 
Positif; Weekend masih sama dg misi menyelamatkan dunia  yaitu rebahan biar menekan angka covid- yg makin lama makin serem ğŸ˜©ğŸ˜© 
Netral;WHO sudah mengawasi varian Lambda sejak  Juni . Varian virus ini kemungkinan lebih menular dari varian lainnya. Simak fakta varian Covid- C atau lambda di https://t.co/PVDgpLELh Infografis CNNIndonesia. https://t.co/hUXtOYk 
Negatif;WHO murka karena ajang pertandingan sepak bola Euro  menyebabkan munculnya klaster COVID-. Hal itu berimbas pada meningkatnya Â kasus Corona varian Delta di Eropa.  https://t.co/aMcwGbM 
Negatif;Wisatawan yang akan berlibur ke Kota Yogyakarta diharuskan membawa surat keterangan bebas Covid- dan sudah divaksin Covid- https://t.co/qzJhLIlIg 
Negatif;Yg cuma bs goreng isiu    Ngamuk karna Pemberlakuan PPKM Darurat  monggo liat video ini  Covid- itu nyata    korbannya udah banyakâ€¼ PPKM dibuat untuk keselamatan Masyarakat.   Klo ga bs berkontribusi bg pemerintah    nakes  jangan tebar provokasi menolak PPKM https://t.co/gbcpdCesjo 
Negatif;Sedangkan yg iniğŸ‘‡ habib mustofa al haddar kalimantan Dipesan oleh wakil bupati agar ceramah waspada covid- ... eh malah dia ceramah bertentangan dari pesan wakil bupati  video serupa ceramah habib ini banyak di youtube   https://t.co/ChuTbz 
Negatif;   Yg mau razia siapa? Yaqut itu org NU yg terkenal dengan toa masjidnya seabregÂ² satu toko diborong semua  sampai saya saja muak dgn NU.  Jokowi juga tidak pernah membuat perintah untuk itu. Yg memaksa adalah wabah pandemi covid-. Saya sendiri bukan orang pro-jokowi. 
Negatif;Apa yg terjadi saat ini  adalah wujud kegagalan pemerintah dalam melindungi rakyatnya  gagal menangani penyebaran covid  sejak awal gagal dalam penyediaan fasilitas kesehatan yang layak dan mirisnya semua diam parlemen pun bungkam 
Negatif;Kepada yth Presiden RI . Tolong stop penerbangan manusia dari luar negeri. Jgn biarkan warga negara asing membawa virus dan menyebarkannya kpd rakyat Indonesia. Tp pemerintah marah dikritik krn angka kematian akibat Covid- meningkat dan ekonomi buruk. Rakyat bkn tumbal 
